mmu-miR-3473g	+	9	7.29e-04	CAAAAGTG	AGGCTG	GGGAGA	
mmu-miR-3620-5p	+	5	7.29e-04	CTGT	GGGCTG	GGCTGGGAAG
mmu-miR-7648-3p	+	2	7.29e-04	A	GGGCTG	GGCCCGGGAC
mmu-miR-7221-3p	+	8	7.29e-04	TGACTGT	GGGCTG	GGGACTGG	
mmu-miR-7015-5p	+	11	7.29e-04	TCTGTGCAGT	AGGCTG	TGGGTTC	
mmu-miR-6981-5p	+	16	7.29e-04	GAGAAGGAAG	AGGCTG	AAGGC	
mmu-miR-6959-5p	+	16	7.29e-04	AACCTGTGTC	GGGCTG	TG	
mmu-miR-6909-5p	+	6	7.29e-04	CAGGG	GGGCTG	GAATGGGCAC
mmu-miR-6337	+	4	7.29e-04	TGA	GGGCTG	CTGGGTTGCT
mmu-miR-5128	+	7	7.29e-04	CAATTG	GGGCTG	GCGAGATGGC
mmu-miR-5119	+	13	7.29e-04	TCTCATCCTG	GGGCTG	G	
mmu-miR-3473b	+	1	7.29e-04	.	GGGCTG	GAGAGATGGC
mmu-miR-3470b	+	15	7.29e-04	TCTGTAGACC	AGGCTG	G	
mmu-miR-3470a	+	15	7.29e-04	TTTGTAGACC	AGGCTG	G	
mmu-miR-1934-3p	+	13	7.29e-04	GATGACGGTG	GGGCTG	GTGA	
mmu-miR-671-5p	+	15	7.29e-04	AGCCCTGGAG	GGGCTG	GAG	
mmu-miR-485-5p	+	3	7.29e-04	AG	AGGCTG	GCCGTGATGA
mmu-miR-194-2-3p	+	7	7.29e-04	CCAGTG	GGGCTG	CTGTTATCTG
mmu-miR-7684-5p	-	7	1.27e-03	CTGCTGCCC	AGGCTT	CCCAGA	
mmu-miR-1941-5p	+	19	1.27e-03	GCTGGTACAG	AGGCTT	
mmu-miR-493-5p	+	12	1.27e-03	TGTACATGGT	AGGCTT	TC	
mmu-miR-7068-5p	+	4	2.53e-03	GTG	AGGCTC	AGTATGGGGT
mmu-miR-6935-5p	+	7	2.53e-03	TGTGGG	AGGCTC	AGGGCCCCTG
mmu-miR-6538	+	4	2.53e-03	CGC	GGGCTC	CGGGGCGGCG
mmu-miR-3110-5p	+	16	2.53e-03	CCTCCCCTGA	AGGCTC	
mmu-miR-690	+	8	2.53e-03	AAAGGCT	AGGCTC	ACAACCAAA	
mmu-miR-3099-3p	+	13	2.53e-03	GGCTAGAGAG	AGGTTG	GGGA	
mmu-miR-433-3p	+	9	2.53e-03	ATCATGAT	GGGCTC	CTCGGTGT	
mmu-miR-328-5p	+	13	2.53e-03	GGGGCAGGAG	GGGCTC	AGGG	
mmu-let-7b-5p	+	10	2.53e-03	TGAGGTAGT	AGGTTG	TGTGGTT	
mmu-miR-150-5p	-	6	2.53e-03	ACTGGTACAA	GGGTTG	GGAGA	
mmu-miR-127-5p	+	13	2.53e-03	GAAGCTCAGA	GGGCTC	TGAT	
mmu-miR-195a-3p	+	8	2.84e-03	CCAATAT	TGGCTG	TGCTGCTCC	
mmu-miR-6930-5p	+	16	3.24e-03	GGTGCTTGAG	AGGTTT	GG	
mmu-miR-208b-3p	+	15	3.24e-03	GACGAACAAA	AGGTTT	GT	
mmu-miR-504-3p	+	16	3.24e-03	GAGCAGGGCA	GGGTTT	C	
mmu-miR-193b-5p	+	3	3.24e-03	CG	GGGTTT	TGAGGGCGAG
mmu-miR-706	-	5	3.24e-03	TTTTGAGACA	GGGTTT	CTCT	
mmu-miR-7687-5p	-	8	4.00e-03	CCTGCGCCTC	AGGTTC	CCCGCCT	
mmu-miR-6986-5p	-	17	4.00e-03	.	TGGCTT	TCTACCTAGC
mmu-miR-6896-5p	-	15	4.00e-03	AC	GGGTTC	TCGTCGCCTA
mmu-miR-500-3p	+	16	4.00e-03	ACCTGGGCAA	GGGTTC	A	
mmu-miR-409-3p	-	15	4.00e-03	AG	GGGTTC	ACCGAGCAAC
mmu-miR-23a-5p	+	2	4.00e-03	G	GGGTTC	CTGGGGATGG
mmu-miR-7667-5p	-	1	4.54e-03	GCTAGAGAGA	TGGCTC	
mmu-miR-7578	+	3	4.54e-03	CA	TGGCTC	TGTCTTCTGC
mmu-miR-5124b	+	1	4.54e-03	.	TGGCTC	AGTGACTAAG
mmu-miR-3473a	+	9	4.54e-03	TGGAGAGA	TGGCTC	AGCA	
mmu-miR-369-3p	+	10	4.54e-03	AATAATACA	TGGTTG	ATCTTT	
mmu-miR-133a-3p	-	13	4.54e-03	CAGC	TGGTTG	AAGGGGACCA
mmu-miR-6715-3p	-	3	4.71e-03	CAGGCACGCC	TGGTTT	GG	
mmu-miR-6995-5p	-	18	4.71e-03	.	TGGTTT	CCCCCTTCTA
mmu-miR-5108	+	14	4.71e-03	GAGCACTGGA	TGGTTT	
mmu-miR-15b-5p	+	14	4.71e-03	CAGCACATCA	TGGTTT	ACA	
mmu-miR-6994-5p	-	14	5.66e-03	TCAC	CGGCTT	CACCCACCTT
mmu-miR-760-3p	+	1	6.39e-03	.	CGGCTC	TGGGTCTGTG
mmu-miR-451a	-	1	6.62e-03	GTAATGGTAA	CGGTTT	