293m8-m0089	+	7	5.40e-04	CUAGAG	GGGAAG	GGAACAUAGG
293m8-m0059	+	4	5.40e-04	CAG	GGGAAG	GGAAGGUGAA
293m8-m0177	+	11	5.40e-04	CAAGGGGAGA	GGGAAG	UCGCUG	
293m8-m0178	+	9	5.40e-04	GGGGUGCU	GGGAAG	GGCUUG	
293m8-m0168	+	3	5.40e-04	UA	AGGAAG	UCAGAAGGGA
293m8-m0069	+	4	5.40e-04	UCU	GGGAAG	GUGGGCAGAG
hsa-miR-3127-5p	+	18	5.40e-04	CUUGUGGAAU	GGGAAG	
293m8-m0016	+	8	5.40e-04	UAGAGAG	GGGAAG	GAUGUGAUGU
293m8-m0071	+	1	5.40e-04	.	AGGAAG	AUGGCGGGGA
293m8-m0098	+	10	5.40e-04	AAAUGGGAG	GGGAAG	GAGAUGAUG	
293m8-m0190	+	16	5.40e-04	GUAGCUGUGG	AGGAAG	AUG	
293m8-m0137	+	14	5.40e-04	GUGGGUGAUG	GGGAAG	UUG	
293m8-m0132	+	1	5.40e-04	.	AGGAAG	GAGGCUGAGU
293m8-m0194	+	6	5.40e-04	UCUGG	AGGAAG	UGGGGCAAGA
293m8-m0007	+	4	5.40e-04	ACA	AGGAAG	GACAAGAGGU
293m8-m0164	+	6	5.40e-04	AUCCG	AGGAAG	AUAGAGUAGG
hsa-miR-3605-5p	+	16	5.40e-04	AUGGAUAGCA	AGGAAG	CC	
293m8-m0077	+	10	5.40e-04	CAAGGGCAG	GGGAAG	CGGAGACCA	
293m8-m0093	+	12	5.40e-04	CAGGAAAACU	GGGAAG	CAG	
293m8-m0086	+	2	5.40e-04	U	AGGAAG	GCGCCGGCGG
293m8-m0078	+	13	7.56e-04	GGGUGAAGAA	UGGAAG	GGUU	
293m8-m0182	+	13	7.56e-04	GGCCGAAGGG	UGGAAG	CUG	
293m8-m0104	+	5	7.56e-04	ACUU	UGGAAG	AAUUUGAGAC
293m8-m0031	+	3	7.56e-04	CA	UGGAAG	AGGACAACAG
293m8-m0172	+	10	7.56e-04	ACGGGUGAG	UGGAAG	GGCCAG	
293m8-m0024	+	10	7.56e-04	AGCUGGGGA	UGGAAG	CUGAAGCC	
293m8-m0084	+	16	1.57e-03	GUGAUGUUCU	GGGCAG	GAG	
293m8-m0174	+	14	1.57e-03	UGUAGAAGUG	AGGCAG	CUC	
293m8-m0094	+	5	1.57e-03	CUCG	GGGCAG	GCGGCUGGGA
293m8-m0118	+	11	1.57e-03	GAGGGAACAG	GGGCAG	ACUUCU	
293m8-m0082	+	11	1.57e-03	UCCUGGAGCU	GGGCAG	AUGGGA	
hsa-miR-4728-5p	+	12	1.57e-03	GGGAGGGGAG	AGGCAG	CAAGCA	
hsa-miR-449c-5p	+	2	1.57e-03	U	AGGCAG	UGUAUUGCUA
293m8-m0011	+	8	1.57e-03	AGCAGCU	GGGCAG	AGGGACGUGG
293m8-m0138	+	4	1.57e-03	CCG	AGGCAG	AGAGGAACAG
hsa-miR-4687-3p	+	14	1.57e-03	CUGUUGGAGG	GGGCAG	GC	
HM3-m0005	+	13	1.57e-03	UGUCUACUGU	GGGCAG	GUG	
hsa-miR-4787-3p	-	14	1.57e-03	GCGCG	GGGCAG	TGGGCGGCGC
293m8-m0120	+	14	1.57e-03	AGAGGACUAA	AGGCAG	CCAG	
293m8-m0102	+	17	1.57e-03	AUGCUGGGCU	GGGCAG	A	
hsa-miR-4485-5p	-	6	1.57e-03	TCACT	GGGCAG	GCGGT	
293m8-m0073	+	3	1.57e-03	AA	GGGCAG	GGGGGCAGCG
hsa-miR-196b-3p	-	15	1.57e-03	GA	AGGCAG	TGTCGTGCTG
293m8-m0157	+	2	1.57e-03	U	GGGCAG	GGGCUUAUUG
293m8-m0045	+	5	2.70e-03	UGGA	GGGGAG	GGGGCUGGCU
293m8-m0188	+	2	2.70e-03	C	AGGGAG	CUCUGAGGCG
293m8-m0047	+	13	2.70e-03	UCGGAGCGAA	GGGGAG	CA	
293m8-m0027	+	2	2.70e-03	C	AGGGAG	GACUGUGGGU
293m8-m0103	+	14	2.70e-03	GUGUGGGACC	UGGCAG	GGCU	
293m8-m0085	+	15	2.70e-03	GGGUGAGAAA	GGGGAG	
293m8-m0113	+	5	2.70e-03	AACG	UGGCAG	GGUCUGGACU
293m8-m0025	+	1	2.70e-03	.	AGGGAG	GAGGCCUGGG
293m8-m0064	+	7	2.70e-03	UGGCGG	UGGCAG	UGGAGCAGCU
293m8-m0173	+	4	2.70e-03	CUG	AGGGAG	GAGAGGGCGC
293m8-m0141	+	3	2.70e-03	UC	GGGGAG	AUGAGAGACG
293m8-m0124	+	2	2.70e-03	U	GGGGAG	GUGUGGAGUC
293m8-m0097	+	4	2.70e-03	UGA	GGGGAG	AAUGAGGUGG
293m8-m0187	+	3	2.70e-03	CA	AGGGAG	CAGAGCCGGG
293m8-m0036	+	5	2.70e-03	GGGA	UGGCAG	UGGGUAUGUG
293m8-m0035	+	16	2.70e-03	UGUGGACAGC	AGGGAG	CCU	
293m8-m0017	+	6	2.70e-03	AGUGA	GGGGAG	GAUGGAGUG	
293m8-m0050	+	8	2.70e-03	CGGGUAG	GGGGAG	UCUGGGCUUC
293m8-m0066	+	6	2.70e-03	AUAGG	UGGCAG	AGGAGGGACU
293m8-m0057	+	11	2.70e-03	UCGGGGUGAG	AGGGAG	AAGAUGU	
293m8-m0019	+	10	2.70e-03	CGUGAAGGC	UGGCAG	UGAUGGGG	
293m8-m0010	+	1	3.02e-03	.	UGGGAG	GAACAAGUAU
293m8-m0015	+	4	3.02e-03	GUC	UGGGAG	AAACUGAGGU
293m8-m0079	+	3	3.02e-03	UU	UGGGAG	AAGGGAACUG
293m8-m0075	+	2	3.02e-03	C	UGGGAG	GCGGUCGGUU
293m8-m0095	+	11	3.02e-03	CGGGAGUGGG	UGGGAG	UCAG	
293m8-m0169	+	9	3.02e-03	CUAGGGAA	UGGGAG	GGGGUAGCA	
293m8-m0072	+	3	3.56e-03	GU	AGGAUG	AUGGGGUCAC
293m8-m0061	+	12	3.56e-03	AAGGGCUGAC	AGGAUG	GGGC	
293m8-m0090	+	2	3.56e-03	U	GGGAUG	AGGGAUUGAA
293m8-m0195	+	17	3.56e-03	AAGGCUGAAG	GGGAUG	
293m8-m0101	+	14	3.56e-03	UGAAGAGACU	GGGAUG	CU	
293m8-m0100	+	13	3.56e-03	GCCCGGGCUG	AGGAUG	CGGG	
hsa-miR-4525	+	4	3.56e-03	GGG	GGGAUG	UGCAUGCUGG
293m8-m0183	+	2	3.78e-03	G	UGGAUG	GGGCGAAGGU
293m8-m0060	+	3	3.78e-03	GA	UGGAUG	GAUGGAGCGA
293m8-m0022	+	4	4.59e-03	AUC	AGGCUG	UGUAGUAUAG
293m8-m0020	+	9	4.59e-03	AGGCUAUG	GGGCUG	CAGUGUACAG
293m8-m0038	+	7	4.59e-03	GUUGCU	GGGCUG	UGGUUGCAGG
293m8-m0018	+	3	4.59e-03	CC	AGGCUG	GCUGUGGGUG
293m8-m0122	+	9	4.59e-03	GCUUCUAA	GGGCUG	CUGGUA	
HM3-m0001	+	7	4.59e-03	AAAAGG	GGGCUG	AGGUGGAG	
293m8-m0111	+	14	4.59e-03	GAGAGAGAAC	AGGCUG	AGG	
293m8-m0026	+	16	4.59e-03	AGAGGGCGGC	GGGCUG	UU	
293m8-m0065	+	11	4.59e-03	AGGAGGCGUC	GGGCUG	GCUGGGG	
293m8-m0192	+	11	4.59e-03	AGGACCUUGG	AGGCUG	GAGGCU	
293m8-m0127	+	11	4.59e-03	CAAUGGAACG	AGGCUG	AGGGUG	
293m8-m0081	+	8	5.72e-03	CUGAAAG	GGGGUG	GGGCUCGAA	
293m8-m0181	+	14	5.72e-03	GAUGAUGGAG	UGGCUG	AUGG	
293m8-m0191	+	8	5.72e-03	CUUUGGC	GGGGUG	GUGGGUG	
293m8-m0119	+	3	5.72e-03	UC	UGGCUG	GGACAUGGUG
293m8-m0008	-	4	5.72e-03	GCTTATCCTA	GGGGTG	CCT	
hsa-miR-1268b	+	15	5.72e-03	CGUGGUGGUG	GGGGUG	
293m8-m0193	+	17	5.72e-03	CUCUGUGGUU	UGGCUG	
293m8-m0023	+	16	5.72e-03	GUUGGGACUU	GGGGUG	C	
293m8-m0166	+	10	5.72e-03	ACUGAGCCU	GGGGUG	ACUGACAUG	
293m8-m0116	-	6	5.72e-03	CTGTTCTCCT	TGGCTG	TCCAT	
293m8-m0067	+	15	5.72e-03	CUGGCGGGAC	GGGGUG	
293m8-m0110	+	3	6.05e-03	AG	UGGGUG	AUGUUUGCUG
293m8-m0105	+	19	6.05e-03	GUCCAGGGGU	UGGGUG	
293m8-m0002	+	12	6.05e-03	GCUGUUGUGU	UGGGUG	CAGUCUG	
293m8-m0051	+	2	6.05e-03	G	UGGGUG	CCGUAGGGGU