ENSG00000200026	+	55	2.74e-04	AGAUAGAACA	UGAUGA	UUGGAGAUGC
100113392	+	25	2.74e-04	CUGAUGGCAA	UGAUGA	UUUUUACACU
ENSG00000200496	+	55	2.74e-04	AGAUAGAACA	UGAUGA	CUGGAGAUGC
100113391	+	23	2.74e-04	CAGUUUGCCA	UGAUGA	AAUGCAUGUU
26796	+	7	2.74e-04	AUGCUA	UGAUGA	CAUCCAUAUG
692234	+	12	2.74e-04	UGUCUGGCAA	UGAUGA	CCCACUUGCC
677837	-	42	2.74e-04	CCTGCGTTAT	TGATGA	CCAGAGCACA
692206	+	20	2.74e-04	AAGUGUCUAA	UGAUGA	AUUUCAUAGG
677781	+	158	2.74e-04	AGCAGCAGUU	UGAUGA	UCAUGUAUGA
338429	+	8	2.74e-04	GGAUCGA	UGAUGA	GAAUAAUUGU
ENSG00000265706	+	7	2.74e-04	UUGCUG	UGAUGA	CUAUCAUUGG
26798	+	7	2.74e-04	GUUGCA	UGAUGA	AUAAAAUCAA
100113393	+	18	2.74e-04	CUGGCAUAUA	UGAUGA	CUUAGCUUUU
26770	+	8	2.74e-04	CUGUUAG	UGAUGA	UUUUAAAAUU
692200	+	49	2.74e-04	UAUAGUUCAC	UGAUGA	GAGCAUUGUU
692085	+	7	2.74e-04	GGUCAA	UGAUGA	GUUGGCAUGU
677849	+	11	2.74e-04	GCUGAGUCCA	UGAUGA	UUUCAAGUUA
26789	+	8	2.74e-04	CCUUCUA	UGAUGA	UUUUAUCAAA
692086	+	7	2.74e-04	GUGAAA	UGAUGA	UUCAGUUUAU
9297	+	7	2.74e-04	UUUCUA	UGAUGA	AUCAAACUAG
692058	+	9	2.74e-04	GUGUUCAA	UGAUGA	UUUCUAUUUG
26851	+	158	2.74e-04	CGUCAGCCAU	UGAUGA	UCGUUCUUCU
26810	+	8	2.74e-04	UGGGAAG	UGAUGA	CACCUGUGAC
692053	+	7	2.74e-04	CCCCUG	UGAUGA	GUUGCCAUGC
619383	+	35	2.74e-04	AGUGGAUCAA	UGAUGA	AACUAGCCAA
26765	+	7	2.74e-04	UGUAAA	UGAUGA	CUUCACUUUU
85389	+	7	2.74e-04	UCGCUG	UGAUGA	GUGAUUGUUA
338428	+	8	2.74e-04	GGAUCGA	UGAUGA	GAAUAAUUGU
692084	+	23	2.74e-04	UUCAUGAGCG	UGAUGA	UUGGGUGUUC
100113379	+	45	2.74e-04	AGCACAUAUC	UGAUGA	UUCCAUGUGG
100113402	-	7	2.74e-04	CACTTCAGGC	TGATGA	AAGCAA
ENSG00000239128	+	23	2.74e-04	UUCAUGAGUG	UGAUGA	UUGUGUGUUC
100113380	+	19	2.74e-04	CAGCCCCUCC	UGAUGA	UUCUUCUUCC
692057	+	12	2.74e-04	CCUUUGCAGC	UGAUGA	UACAGCUUCU
677841	+	41	5.15e-04	ACCGUUCCUG	UGAUGG	UGUUACACUG
677848	+	11	5.15e-04	CACAAGCCUA	UGAUGG	UUAGUUAUCC
677792	-	82	5.15e-04	ATGCATACTG	TGATGG	AAGCATAACC
652966	+	7	5.15e-04	GCUCUG	UGAUGG	AGCCCAUGCG
677846	+	18	5.15e-04	UUUGGAUUUA	UGAUGG	GCCCGUCCCC
26808	+	8	5.15e-04	GUGCAUA	UGAUGG	AAAAGUUUUA
26782	+	74	5.15e-04	GUAACUGUGG	UGAUGG	AAAUGUGUUA
677803	+	80	5.15e-04	UUAGAAUGAC	UGAUGG	UAUGCUAAGG
677819	+	55	7.56e-04	UGGUAGCUGG	UGCUGA	GAGAAAACCU
692089	-	66	7.56e-04	GGCTT	TGCTGA	GATCAGAGTT
26813	-	47	7.56e-04	TCAGATGCAA	TGCTGA	CCACATGGTT
677813	+	55	7.56e-04	UGGUAGCUGG	UGCUGA	GAGAAAACCC
100124534	-	99	7.56e-04	CTATGGCAGC	TGCTGA	GGAGAAGCAG
677794	+	27	7.56e-04	GCCAGCAGUU	UGCUGA	AGCUGUUGGU
ENSG00000221719	+	18	7.56e-04	CUAAGUCGCA	UGCUGA	CACAGCUCUU
692110	+	15	1.03e-03	UUGUUGUCAA	UGAUGU	AUUCUUCUUG
101340252	+	13	1.03e-03	GAAAAGACAA	UGAUGU	UUUAUUUCCA
692202	+	13	1.03e-03	GGGGCCUCCA	UGAUGU	CCAGCACUGG
677793	+	62	1.03e-03	GAGCUAAGAG	UGAUGU	CUUCCUUGUG
26814	+	8	1.03e-03	GUUGCAG	UGAUGU	AAAAUUUCUU
677830	+	19	1.03e-03	CCUUUGAACC	UGAUGU	GUCUUGUUUG
677809	-	86	1.27e-03	ACCAATTAAA	TGGTGA	CAGCTTTGCC
677797	+	111	1.27e-03	GCUCCGUAGC	UGGUGA	UUGGAAGACA
26783	+	54	1.27e-03	UGCAAUCCAG	UGGUGA	GCUGAUAGUA
100302743	+	109	1.48e-03	GCCCGUAGGC	UGCUGG	CACUGAAGUG
677815	-	18	1.48e-03	ACAGTACAAC	TGCTGG	TCTTCAGTCA
677828	+	123	1.48e-03	GGCAGCGCUG	UGCUGG	CCGACAUUUG
677820	+	112	1.76e-03	UGCAGGCUCA	UGAUCA	ACCAAUCUCA
677839	+	17	1.76e-03	CAUUCGAAAG	UGAUCA	UGAGCUGCCC
677811	+	21	1.76e-03	CUGUGGCAGA	UGAUCA	AAACUGUCUG
26777	+	17	1.76e-03	CAUCCGAAAG	UGAUCA	UAGGCUGCCU
ENSG00000201388	-	60	2.00e-03	GAGATTCACT	TGCTGT	TTGCACCTCT
677796	-	63	2.00e-03	CTGTGGAGCT	TGCTGT	GGCAGCCATC
26778	-	64	2.00e-03	CCAAGGAAGC	TGCTGT	GTGCAGCCAT
677826	+	84	2.21e-03	CUUGAUUCAC	UGGUGG	GGGCAGUCGG
677801	+	19	2.21e-03	UAAACCCUCU	UGGUGG	CUUCCCUGUA
677833	+	90	2.21e-03	ACUGACUGAC	UGGUGG	CUUUCAGUUU
ENSG00000212144	-	88	2.52e-03	TGAGACCTGA	TTATGA	AGCAGACATT
654322	+	41	3.01e-03	CUAGUGAAUG	UGGUGU	CAAAAAAGGC
677840	+	17	3.01e-03	UAUUCGAAAG	UGAUCG	UGGGCUGCCU
677834	-	67	3.25e-03	GGATTTCCTC	TGCTCA	TTCTGTAGCA
100124536	-	111	3.52e-03	GTGGGATGGT	TGATCT	TGAGCCTGCG
677810	-	62	3.79e-03	TCTCTGGGTT	TTATGG	AGACTTACTT
654321	+	40	3.79e-03	CAGUGGCAGU	UUAUGG	AUUCGCACGA
677829	-	3	4.28e-03	GGAGTAAGGC	TGAGGA	AG
692212	+	10	4.28e-03	ACUGGUCCA	GGAUGA	AACCUAAUUU
641451	+	28	5.10e-03	CUGCUUUCUU	UUAUGU	GAGUAGUGUU